{"flutter":{"platforms":{"android":{"default":{"projectId":"enviroment-9db04","appId":"1:598734741715:android:394da4514f309542e97426","fileOutput":"android/app/google-services.json"}},"dart":{"lib/firebase_options.dart":{"projectId":"enviroment-9db04","configurations":{"android":"1:598734741715:android:394da4514f309542e97426","ios":"1:598734741715:ios:2c7dde73a031631ae97426","macos":"1:598734741715:ios:2c7dde73a031631ae97426","web":"1:598734741715:web:90bd122811724ad8e97426","windows":"1:598734741715:web:0be5f6c39d9e5624e97426"}}}}}}